_id,Reference area,Source,Time,Value
1,World,ILO - ILO Modelled Estimates,2020,8.9000000000000003552713678800500929355621337890625
2,World,ILO - ILO Modelled Estimates,2021,4.29999999999999982236431605997495353221893310546875
3,World: Low income,ILO - ILO Modelled Estimates,2020,6.70000000000000017763568394002504646778106689453125
4,World: Low income,ILO - ILO Modelled Estimates,2021,4.9000000000000003552713678800500929355621337890625
5,World: Lower-middle income,ILO - ILO Modelled Estimates,2020,11.800000000000000710542735760100185871124267578125
6,World: Lower-middle income,ILO - ILO Modelled Estimates,2021,6.79999999999999982236431605997495353221893310546875
7,World: Upper-middle income,ILO - ILO Modelled Estimates,2020,7.20000000000000017763568394002504646778106689453125
8,World: Upper-middle income,ILO - ILO Modelled Estimates,2021,2.20000000000000017763568394002504646778106689453125
9,World: High income,ILO - ILO Modelled Estimates,2020,7.9000000000000003552713678800500929355621337890625
10,World: High income,ILO - ILO Modelled Estimates,2021,3.899999999999999911182158029987476766109466552734375
11,Africa,ILO - ILO Modelled Estimates,2020,7.70000000000000017763568394002504646778106689453125
12,Africa,ILO - ILO Modelled Estimates,2021,5.20000000000000017763568394002504646778106689453125
13,Africa: Low income,ILO - ILO Modelled Estimates,2020,6.79999999999999982236431605997495353221893310546875
14,Africa: Low income,ILO - ILO Modelled Estimates,2021,5.0999999999999996447286321199499070644378662109375
15,Africa: Lower-middle income,ILO - ILO Modelled Estimates,2020,7.79999999999999982236431605997495353221893310546875
16,Africa: Lower-middle income,ILO - ILO Modelled Estimates,2021,5
17,Africa: Upper-middle income,ILO - ILO Modelled Estimates,2020,12.9000000000000003552713678800500929355621337890625
18,Africa: Upper-middle income,ILO - ILO Modelled Estimates,2021,9.300000000000000710542735760100185871124267578125
19,Africa: High income,ILO - ILO Modelled Estimates,2020,7.4000000000000003552713678800500929355621337890625
20,Africa: High income,ILO - ILO Modelled Estimates,2021,7
21,Northern Africa,ILO - ILO Modelled Estimates,2020,9.800000000000000710542735760100185871124267578125
22,Northern Africa,ILO - ILO Modelled Estimates,2021,6.20000000000000017763568394002504646778106689453125
23,Northern Africa: Lower-middle income,ILO - ILO Modelled Estimates,2020,9.800000000000000710542735760100185871124267578125
24,Northern Africa: Lower-middle income,ILO - ILO Modelled Estimates,2021,6.0999999999999996447286321199499070644378662109375
25,Northern Africa: Upper-middle income,ILO - ILO Modelled Estimates,2020,9.5999999999999996447286321199499070644378662109375
26,Northern Africa: Upper-middle income,ILO - ILO Modelled Estimates,2021,7
27,Sub-Saharan Africa,ILO - ILO Modelled Estimates,2020,7.29999999999999982236431605997495353221893310546875
28,Sub-Saharan Africa,ILO - ILO Modelled Estimates,2021,5.0999999999999996447286321199499070644378662109375
29,Sub-Saharan Africa: Low income,ILO - ILO Modelled Estimates,2020,6.79999999999999982236431605997495353221893310546875
30,Sub-Saharan Africa: Low income,ILO - ILO Modelled Estimates,2021,5.0999999999999996447286321199499070644378662109375
31,Sub-Saharan Africa: Lower-middle income,ILO - ILO Modelled Estimates,2020,7.0999999999999996447286321199499070644378662109375
32,Sub-Saharan Africa: Lower-middle income,ILO - ILO Modelled Estimates,2021,4.5999999999999996447286321199499070644378662109375
33,Sub-Saharan Africa: Upper-middle income,ILO - ILO Modelled Estimates,2020,13.0999999999999996447286321199499070644378662109375
34,Sub-Saharan Africa: Upper-middle income,ILO - ILO Modelled Estimates,2021,9.5
35,Sub-Saharan Africa: High income,ILO - ILO Modelled Estimates,2020,7.4000000000000003552713678800500929355621337890625
36,Sub-Saharan Africa: High income,ILO - ILO Modelled Estimates,2021,7
37,Central Africa,ILO - ILO Modelled Estimates,2020,6.79999999999999982236431605997495353221893310546875
38,Central Africa,ILO - ILO Modelled Estimates,2021,4.5
39,Eastern Africa,ILO - ILO Modelled Estimates,2020,7.20000000000000017763568394002504646778106689453125
40,Eastern Africa,ILO - ILO Modelled Estimates,2021,5.0999999999999996447286321199499070644378662109375
41,Southern Africa,ILO - ILO Modelled Estimates,2020,13.199999999999999289457264239899814128875732421875
42,Southern Africa,ILO - ILO Modelled Estimates,2021,9.5999999999999996447286321199499070644378662109375
43,Western Africa,ILO - ILO Modelled Estimates,2020,6.79999999999999982236431605997495353221893310546875
44,Western Africa,ILO - ILO Modelled Estimates,2021,4.5999999999999996447286321199499070644378662109375
45,Americas,ILO - ILO Modelled Estimates,2020,14.0999999999999996447286321199499070644378662109375
46,Americas,ILO - ILO Modelled Estimates,2021,5.5
47,Americas: Low income,ILO - ILO Modelled Estimates,2020,7.79999999999999982236431605997495353221893310546875
48,Americas: Low income,ILO - ILO Modelled Estimates,2021,6.29999999999999982236431605997495353221893310546875
49,Americas: Lower-middle income,ILO - ILO Modelled Estimates,2020,15
50,Americas: Lower-middle income,ILO - ILO Modelled Estimates,2021,2.899999999999999911182158029987476766109466552734375
51,Americas: Upper-middle income,ILO - ILO Modelled Estimates,2020,17.10000000000000142108547152020037174224853515625
52,Americas: Upper-middle income,ILO - ILO Modelled Estimates,2021,6.29999999999999982236431605997495353221893310546875
53,Americas: High income,ILO - ILO Modelled Estimates,2020,9.9000000000000003552713678800500929355621337890625
54,Americas: High income,ILO - ILO Modelled Estimates,2021,4.70000000000000017763568394002504646778106689453125
55,Latin America and the Caribbean,ILO - ILO Modelled Estimates,2020,16.699999999999999289457264239899814128875732421875
56,Latin America and the Caribbean,ILO - ILO Modelled Estimates,2021,6
57,Latin America and the Caribbean: Low income,ILO - ILO Modelled Estimates,2020,7.79999999999999982236431605997495353221893310546875
58,Latin America and the Caribbean: Low income,ILO - ILO Modelled Estimates,2021,6.29999999999999982236431605997495353221893310546875
59,Latin America and the Caribbean: Lower-middle income,ILO - ILO Modelled Estimates,2020,15
60,Latin America and the Caribbean: Lower-middle income,ILO - ILO Modelled Estimates,2021,2.899999999999999911182158029987476766109466552734375
61,Latin America and the Caribbean: Upper-middle income,ILO - ILO Modelled Estimates,2020,17.10000000000000142108547152020037174224853515625
62,Latin America and the Caribbean: Upper-middle income,ILO - ILO Modelled Estimates,2021,6.29999999999999982236431605997495353221893310546875
63,Latin America and the Caribbean: High income,ILO - ILO Modelled Estimates,2020,14.800000000000000710542735760100185871124267578125
64,Latin America and the Caribbean: High income,ILO - ILO Modelled Estimates,2021,5
65,Caribbean,ILO - ILO Modelled Estimates,2020,11.0999999999999996447286321199499070644378662109375
66,Caribbean,ILO - ILO Modelled Estimates,2021,6.4000000000000003552713678800500929355621337890625
67,Central America,ILO - ILO Modelled Estimates,2020,15.300000000000000710542735760100185871124267578125
68,Central America,ILO - ILO Modelled Estimates,2021,5.20000000000000017763568394002504646778106689453125
69,South America,ILO - ILO Modelled Estimates,2020,17.800000000000000710542735760100185871124267578125
70,South America,ILO - ILO Modelled Estimates,2021,6.29999999999999982236431605997495353221893310546875
71,Northern America,ILO - ILO Modelled Estimates,2020,9.5999999999999996447286321199499070644378662109375
72,Northern America,ILO - ILO Modelled Estimates,2021,4.5999999999999996447286321199499070644378662109375
73,Northern America: High income,ILO - ILO Modelled Estimates,2020,9.5999999999999996447286321199499070644378662109375
74,Northern America: High income,ILO - ILO Modelled Estimates,2021,4.5999999999999996447286321199499070644378662109375
75,Arab States,ILO - ILO Modelled Estimates,2020,9
76,Arab States,ILO - ILO Modelled Estimates,2021,6.20000000000000017763568394002504646778106689453125
77,Arab States: Low income,ILO - ILO Modelled Estimates,2020,4.5999999999999996447286321199499070644378662109375
78,Arab States: Low income,ILO - ILO Modelled Estimates,2021,4
79,Arab States: Lower-middle income,ILO - ILO Modelled Estimates,2020,16
80,Arab States: Lower-middle income,ILO - ILO Modelled Estimates,2021,11.9000000000000003552713678800500929355621337890625
81,Arab States: Upper-middle income,ILO - ILO Modelled Estimates,2020,10.800000000000000710542735760100185871124267578125
82,Arab States: Upper-middle income,ILO - ILO Modelled Estimates,2021,7.70000000000000017763568394002504646778106689453125
83,Arab States: High income,ILO - ILO Modelled Estimates,2020,9.5
84,Arab States: High income,ILO - ILO Modelled Estimates,2021,6.0999999999999996447286321199499070644378662109375
85,Asia and the Pacific,ILO - ILO Modelled Estimates,2020,8.199999999999999289457264239899814128875732421875
86,Asia and the Pacific,ILO - ILO Modelled Estimates,2021,4
87,Asia and the Pacific: Low income,ILO - ILO Modelled Estimates,2020,6.4000000000000003552713678800500929355621337890625
88,Asia and the Pacific: Low income,ILO - ILO Modelled Estimates,2021,4.79999999999999982236431605997495353221893310546875
89,Asia and the Pacific: Lower-middle income,ILO - ILO Modelled Estimates,2020,13
90,Asia and the Pacific: Lower-middle income,ILO - ILO Modelled Estimates,2021,7.4000000000000003552713678800500929355621337890625
91,Asia and the Pacific: Upper-middle income,ILO - ILO Modelled Estimates,2020,4.5
92,Asia and the Pacific: Upper-middle income,ILO - ILO Modelled Estimates,2021,1
93,Asia and the Pacific: High income,ILO - ILO Modelled Estimates,2020,4.5
94,Asia and the Pacific: High income,ILO - ILO Modelled Estimates,2021,4.0999999999999996447286321199499070644378662109375
95,Eastern Asia,ILO - ILO Modelled Estimates,2020,4.20000000000000017763568394002504646778106689453125
96,Eastern Asia,ILO - ILO Modelled Estimates,2021,0.200000000000000011102230246251565404236316680908203125
97,Eastern Asia: Low income,ILO - ILO Modelled Estimates,2020,5.79999999999999982236431605997495353221893310546875
98,Eastern Asia: Low income,ILO - ILO Modelled Estimates,2021,5.4000000000000003552713678800500929355621337890625
99,Eastern Asia: Lower-middle income,ILO - ILO Modelled Estimates,2020,10.300000000000000710542735760100185871124267578125
100,Eastern Asia: Lower-middle income,ILO - ILO Modelled Estimates,2021,15.699999999999999289457264239899814128875732421875
101,Eastern Asia: Upper-middle income,ILO - ILO Modelled Estimates,2020,4.0999999999999996447286321199499070644378662109375
102,Eastern Asia: Upper-middle income,ILO - ILO Modelled Estimates,2021,-0.40000000000000002220446049250313080847263336181640625
103,Eastern Asia: High income,ILO - ILO Modelled Estimates,2020,4.5999999999999996447286321199499070644378662109375
104,Eastern Asia: High income,ILO - ILO Modelled Estimates,2021,4.5
105,South-Eastern Asia and the Pacific,ILO - ILO Modelled Estimates,2020,7.70000000000000017763568394002504646778106689453125
106,South-Eastern Asia and the Pacific,ILO - ILO Modelled Estimates,2021,7
107,South-Eastern Asia and the Pacific: Lower-middle income,ILO - ILO Modelled Estimates,2020,9.699999999999999289457264239899814128875732421875
108,South-Eastern Asia and the Pacific: Lower-middle income,ILO - ILO Modelled Estimates,2021,8.5
109,South-Eastern Asia and the Pacific: Upper-middle income,ILO - ILO Modelled Estimates,2020,6.5
110,South-Eastern Asia and the Pacific: Upper-middle income,ILO - ILO Modelled Estimates,2021,6.29999999999999982236431605997495353221893310546875
111,South-Eastern Asia and the Pacific: High income,ILO - ILO Modelled Estimates,2020,3.79999999999999982236431605997495353221893310546875
112,South-Eastern Asia and the Pacific: High income,ILO - ILO Modelled Estimates,2021,3.399999999999999911182158029987476766109466552734375
113,South-Eastern Asia,ILO - ILO Modelled Estimates,2020,7.9000000000000003552713678800500929355621337890625
114,South-Eastern Asia,ILO - ILO Modelled Estimates,2021,7.29999999999999982236431605997495353221893310546875
115,Pacific Islands,ILO - ILO Modelled Estimates,2020,3.600000000000000088817841970012523233890533447265625
116,Pacific Islands,ILO - ILO Modelled Estimates,2021,2.20000000000000017763568394002504646778106689453125
117,Southern Asia,ILO - ILO Modelled Estimates,2020,13.300000000000000710542735760100185871124267578125
118,Southern Asia,ILO - ILO Modelled Estimates,2021,7.20000000000000017763568394002504646778106689453125
119,Southern Asia: Low income,ILO - ILO Modelled Estimates,2020,7.4000000000000003552713678800500929355621337890625
120,Southern Asia: Low income,ILO - ILO Modelled Estimates,2021,4
121,Southern Asia: Lower-middle income,ILO - ILO Modelled Estimates,2020,13.5999999999999996447286321199499070644378662109375
122,Southern Asia: Lower-middle income,ILO - ILO Modelled Estimates,2021,7.20000000000000017763568394002504646778106689453125
123,Southern Asia: Upper-middle income,ILO - ILO Modelled Estimates,2020,5.29999999999999982236431605997495353221893310546875
124,Southern Asia: Upper-middle income,ILO - ILO Modelled Estimates,2021,8.300000000000000710542735760100185871124267578125
125,Europe and Central Asia,ILO - ILO Modelled Estimates,2020,8.0999999999999996447286321199499070644378662109375
126,Europe and Central Asia,ILO - ILO Modelled Estimates,2021,3.100000000000000088817841970012523233890533447265625
127,Europe and Central Asia: Low income,ILO - ILO Modelled Estimates,2020,4.29999999999999982236431605997495353221893310546875
128,Europe and Central Asia: Low income,ILO - ILO Modelled Estimates,2021,5.5
129,Europe and Central Asia: Lower-middle income,ILO - ILO Modelled Estimates,2020,8.699999999999999289457264239899814128875732421875
130,Europe and Central Asia: Lower-middle income,ILO - ILO Modelled Estimates,2021,6.9000000000000003552713678800500929355621337890625
131,Europe and Central Asia: Upper-middle income,ILO - ILO Modelled Estimates,2020,8.5999999999999996447286321199499070644378662109375
132,Europe and Central Asia: Upper-middle income,ILO - ILO Modelled Estimates,2021,2.5
133,Europe and Central Asia: High income,ILO - ILO Modelled Estimates,2020,7.79999999999999982236431605997495353221893310546875
134,Europe and Central Asia: High income,ILO - ILO Modelled Estimates,2021,2.899999999999999911182158029987476766109466552734375
135,"Northern, Southern and Western Europe",ILO - ILO Modelled Estimates,2020,8.4000000000000003552713678800500929355621337890625
136,"Northern, Southern and Western Europe",ILO - ILO Modelled Estimates,2021,3.29999999999999982236431605997495353221893310546875
137,"Northern, Southern and Western Europe: Upper-middle income",ILO - ILO Modelled Estimates,2020,6.79999999999999982236431605997495353221893310546875
138,"Northern, Southern and Western Europe: Upper-middle income",ILO - ILO Modelled Estimates,2021,1.100000000000000088817841970012523233890533447265625
139,"Northern, Southern and Western Europe: High income",ILO - ILO Modelled Estimates,2020,8.5
140,"Northern, Southern and Western Europe: High income",ILO - ILO Modelled Estimates,2021,3.399999999999999911182158029987476766109466552734375
141,Northern Europe,ILO - ILO Modelled Estimates,2020,8.9000000000000003552713678800500929355621337890625
142,Northern Europe,ILO - ILO Modelled Estimates,2021,3.70000000000000017763568394002504646778106689453125
143,Southern Europe,ILO - ILO Modelled Estimates,2020,11.300000000000000710542735760100185871124267578125
144,Southern Europe,ILO - ILO Modelled Estimates,2021,3.70000000000000017763568394002504646778106689453125
145,Western Europe,ILO - ILO Modelled Estimates,2020,6.0999999999999996447286321199499070644378662109375
146,Western Europe,ILO - ILO Modelled Estimates,2021,2.899999999999999911182158029987476766109466552734375
147,Eastern Europe,ILO - ILO Modelled Estimates,2020,5.79999999999999982236431605997495353221893310546875
148,Eastern Europe,ILO - ILO Modelled Estimates,2021,2
149,Eastern Europe: Lower-middle income,ILO - ILO Modelled Estimates,2020,8.5
150,Eastern Europe: Lower-middle income,ILO - ILO Modelled Estimates,2021,7.0999999999999996447286321199499070644378662109375
151,Eastern Europe: Upper-middle income,ILO - ILO Modelled Estimates,2020,5.79999999999999982236431605997495353221893310546875
152,Eastern Europe: Upper-middle income,ILO - ILO Modelled Estimates,2021,1.399999999999999911182158029987476766109466552734375
153,Eastern Europe: High income,ILO - ILO Modelled Estimates,2020,4.5
154,Eastern Europe: High income,ILO - ILO Modelled Estimates,2021,0.40000000000000002220446049250313080847263336181640625
155,Central and Western Asia,ILO - ILO Modelled Estimates,2020,11.5999999999999996447286321199499070644378662109375
156,Central and Western Asia,ILO - ILO Modelled Estimates,2021,4.70000000000000017763568394002504646778106689453125
157,Central and Western Asia: Low income,ILO - ILO Modelled Estimates,2020,4.29999999999999982236431605997495353221893310546875
158,Central and Western Asia: Low income,ILO - ILO Modelled Estimates,2021,5.5
159,Central and Western Asia: Lower-middle income,ILO - ILO Modelled Estimates,2020,8.9000000000000003552713678800500929355621337890625
160,Central and Western Asia: Lower-middle income,ILO - ILO Modelled Estimates,2021,6.5999999999999996447286321199499070644378662109375
161,Central and Western Asia: Upper-middle income,ILO - ILO Modelled Estimates,2020,13
162,Central and Western Asia: Upper-middle income,ILO - ILO Modelled Estimates,2021,4.20000000000000017763568394002504646778106689453125
163,Central and Western Asia: High income,ILO - ILO Modelled Estimates,2020,8.199999999999999289457264239899814128875732421875
164,Central and Western Asia: High income,ILO - ILO Modelled Estimates,2021,1.899999999999999911182158029987476766109466552734375
165,Central Asia,ILO - ILO Modelled Estimates,2020,8.699999999999999289457264239899814128875732421875
166,Central Asia,ILO - ILO Modelled Estimates,2021,6
167,Western Asia,ILO - ILO Modelled Estimates,2020,13.5
168,Western Asia,ILO - ILO Modelled Estimates,2021,3.70000000000000017763568394002504646778106689453125
169,ASEAN,ILO - ILO Modelled Estimates,2020,7.9000000000000003552713678800500929355621337890625
170,ASEAN,ILO - ILO Modelled Estimates,2021,7.29999999999999982236431605997495353221893310546875
171,BRICS,ILO - ILO Modelled Estimates,2020,8.5999999999999996447286321199499070644378662109375
172,BRICS,ILO - ILO Modelled Estimates,2021,2.899999999999999911182158029987476766109466552734375
173,European Union 28,ILO - ILO Modelled Estimates,2020,7.9000000000000003552713678800500929355621337890625
174,European Union 27,ILO - ILO Modelled Estimates,2020,7.4000000000000003552713678800500929355621337890625
175,European Union 28,ILO - ILO Modelled Estimates,2021,3
176,European Union 27,ILO - ILO Modelled Estimates,2021,2.70000000000000017763568394002504646778106689453125
177,G20,ILO - ILO Modelled Estimates,2020,8.699999999999999289457264239899814128875732421875
178,G20,ILO - ILO Modelled Estimates,2021,3.399999999999999911182158029987476766109466552734375
179,World excluding BRICS,ILO - ILO Modelled Estimates,2020,9.0999999999999996447286321199499070644378662109375
180,World excluding BRICS,ILO - ILO Modelled Estimates,2021,5.5
181,G7,ILO - ILO Modelled Estimates,2020,8.4000000000000003552713678800500929355621337890625
182,G7,ILO - ILO Modelled Estimates,2021,4.5
183,MENA,ILO - ILO Modelled Estimates,2020,8.5999999999999996447286321199499070644378662109375
184,MENA,ILO - ILO Modelled Estimates,2021,6.5
185,Arab League,ILO - ILO Modelled Estimates,2020,9.300000000000000710542735760100185871124267578125
186,Arab League,ILO - ILO Modelled Estimates,2021,6.0999999999999996447286321199499070644378662109375
187,CARICOM,ILO - ILO Modelled Estimates,2020,11
188,CARICOM,ILO - ILO Modelled Estimates,2021,7.20000000000000017763568394002504646778106689453125
189,Afghanistan,ILO - ILO Modelled Estimates,2020,7.4000000000000003552713678800500929355621337890625
190,Afghanistan,ILO - ILO Modelled Estimates,2021,4
191,Albania,ILO - ILO Modelled Estimates,2020,9.0999999999999996447286321199499070644378662109375
192,Albania,ILO - ILO Modelled Estimates,2021,3.5
193,Algeria,ILO - ILO Modelled Estimates,2020,9.699999999999999289457264239899814128875732421875
194,Algeria,ILO - ILO Modelled Estimates,2021,7.4000000000000003552713678800500929355621337890625
195,Angola,ILO - ILO Modelled Estimates,2020,8.699999999999999289457264239899814128875732421875
196,Angola,ILO - ILO Modelled Estimates,2021,5.70000000000000017763568394002504646778106689453125
197,Argentina,ILO - ILO Modelled Estimates,2020,21.89999999999999857891452847979962825775146484375
198,Argentina,ILO - ILO Modelled Estimates,2021,8.9000000000000003552713678800500929355621337890625
199,Armenia,ILO - ILO Modelled Estimates,2020,14.9000000000000003552713678800500929355621337890625
200,Armenia,ILO - ILO Modelled Estimates,2021,3.5
201,Australia,ILO - ILO Modelled Estimates,2020,4.5999999999999996447286321199499070644378662109375
202,Australia,ILO - ILO Modelled Estimates,2021,1.600000000000000088817841970012523233890533447265625
203,Austria,ILO - ILO Modelled Estimates,2020,12.300000000000000710542735760100185871124267578125
204,Austria,ILO - ILO Modelled Estimates,2021,7.70000000000000017763568394002504646778106689453125
205,Azerbaijan,ILO - ILO Modelled Estimates,2020,12
206,Azerbaijan,ILO - ILO Modelled Estimates,2021,4.5999999999999996447286321199499070644378662109375
207,Bahamas,ILO - ILO Modelled Estimates,2020,15.5999999999999996447286321199499070644378662109375
208,Bahamas,ILO - ILO Modelled Estimates,2021,4.29999999999999982236431605997495353221893310546875
209,Bahrain,ILO - ILO Modelled Estimates,2020,8.9000000000000003552713678800500929355621337890625
210,Bahrain,ILO - ILO Modelled Estimates,2021,7.0999999999999996447286321199499070644378662109375
211,Bangladesh,ILO - ILO Modelled Estimates,2020,11.9000000000000003552713678800500929355621337890625
212,Bangladesh,ILO - ILO Modelled Estimates,2021,7.4000000000000003552713678800500929355621337890625
213,Barbados,ILO - ILO Modelled Estimates,2020,10.4000000000000003552713678800500929355621337890625
214,Barbados,ILO - ILO Modelled Estimates,2021,4.0999999999999996447286321199499070644378662109375
215,Belarus,ILO - ILO Modelled Estimates,2020,2.5
216,Belarus,ILO - ILO Modelled Estimates,2021,3.20000000000000017763568394002504646778106689453125
217,Belgium,ILO - ILO Modelled Estimates,2020,7.5999999999999996447286321199499070644378662109375
218,Belgium,ILO - ILO Modelled Estimates,2021,1.5
219,Belize,ILO - ILO Modelled Estimates,2020,10.5999999999999996447286321199499070644378662109375
220,Belize,ILO - ILO Modelled Estimates,2021,7.4000000000000003552713678800500929355621337890625
221,Benin,ILO - ILO Modelled Estimates,2020,3.899999999999999911182158029987476766109466552734375
222,Benin,ILO - ILO Modelled Estimates,2021,4.0999999999999996447286321199499070644378662109375
223,Bhutan,ILO - ILO Modelled Estimates,2020,11
224,Bhutan,ILO - ILO Modelled Estimates,2021,7.70000000000000017763568394002504646778106689453125
225,Bolivia,ILO - ILO Modelled Estimates,2020,14.199999999999999289457264239899814128875732421875
226,Bolivia,ILO - ILO Modelled Estimates,2021,-0.90000000000000002220446049250313080847263336181640625
227,Bosnia and Herzegovina,ILO - ILO Modelled Estimates,2020,7.4000000000000003552713678800500929355621337890625
228,Bosnia and Herzegovina,ILO - ILO Modelled Estimates,2021,3.29999999999999982236431605997495353221893310546875
229,Botswana,ILO - ILO Modelled Estimates,2020,6.5
230,Botswana,ILO - ILO Modelled Estimates,2021,7.29999999999999982236431605997495353221893310546875
231,Brazil,ILO - ILO Modelled Estimates,2020,15.699999999999999289457264239899814128875732421875
232,Brazil,ILO - ILO Modelled Estimates,2021,5.5999999999999996447286321199499070644378662109375
233,Brunei Darussalam,ILO - ILO Modelled Estimates,2020,5
234,Brunei Darussalam,ILO - ILO Modelled Estimates,2021,3.100000000000000088817841970012523233890533447265625
235,Bulgaria,ILO - ILO Modelled Estimates,2020,4.9000000000000003552713678800500929355621337890625
236,Bulgaria,ILO - ILO Modelled Estimates,2021,0.200000000000000011102230246251565404236316680908203125
237,Burkina Faso,ILO - ILO Modelled Estimates,2020,3.70000000000000017763568394002504646778106689453125
238,Burkina Faso,ILO - ILO Modelled Estimates,2021,1.399999999999999911182158029987476766109466552734375
239,Burundi,ILO - ILO Modelled Estimates,2020,0.5
240,Burundi,ILO - ILO Modelled Estimates,2021,0.8000000000000000444089209850062616169452667236328125
241,Cambodia,ILO - ILO Modelled Estimates,2020,5.20000000000000017763568394002504646778106689453125
242,Cambodia,ILO - ILO Modelled Estimates,2021,8
243,Cameroon,ILO - ILO Modelled Estimates,2020,4.9000000000000003552713678800500929355621337890625
244,Cameroon,ILO - ILO Modelled Estimates,2021,3.29999999999999982236431605997495353221893310546875
245,Canada,ILO - ILO Modelled Estimates,2020,9.5
246,Canada,ILO - ILO Modelled Estimates,2021,1.6999999999999999555910790149937383830547332763671875
247,Cape Verde,ILO - ILO Modelled Estimates,2020,12.199999999999999289457264239899814128875732421875
248,Cape Verde,ILO - ILO Modelled Estimates,2021,7.9000000000000003552713678800500929355621337890625
249,Central African Republic,ILO - ILO Modelled Estimates,2020,5
250,Central African Republic,ILO - ILO Modelled Estimates,2021,0.8000000000000000444089209850062616169452667236328125
251,Chad,ILO - ILO Modelled Estimates,2020,7.20000000000000017763568394002504646778106689453125
252,Chad,ILO - ILO Modelled Estimates,2021,2.5
253,Channel Islands,ILO - ILO Modelled Estimates,2020,6.0999999999999996447286321199499070644378662109375
254,Channel Islands,ILO - ILO Modelled Estimates,2021,2.79999999999999982236431605997495353221893310546875
255,Chile,ILO - ILO Modelled Estimates,2020,14.5999999999999996447286321199499070644378662109375
256,Chile,ILO - ILO Modelled Estimates,2021,5.20000000000000017763568394002504646778106689453125
257,China,ILO - ILO Modelled Estimates,2020,4.0999999999999996447286321199499070644378662109375
258,China,ILO - ILO Modelled Estimates,2021,-0.40000000000000002220446049250313080847263336181640625
259,Colombia,ILO - ILO Modelled Estimates,2020,19.199999999999999289457264239899814128875732421875
260,Colombia,ILO - ILO Modelled Estimates,2021,6
261,Comoros,ILO - ILO Modelled Estimates,2020,7.20000000000000017763568394002504646778106689453125
262,Comoros,ILO - ILO Modelled Estimates,2021,5.70000000000000017763568394002504646778106689453125
263,Congo,ILO - ILO Modelled Estimates,2020,8.9000000000000003552713678800500929355621337890625
264,Congo,ILO - ILO Modelled Estimates,2021,6.4000000000000003552713678800500929355621337890625
265,"Congo, Democratic Republic of the",ILO - ILO Modelled Estimates,2020,6.5
266,"Congo, Democratic Republic of the",ILO - ILO Modelled Estimates,2021,4.9000000000000003552713678800500929355621337890625
267,Costa Rica,ILO - ILO Modelled Estimates,2020,18.699999999999999289457264239899814128875732421875
268,Costa Rica,ILO - ILO Modelled Estimates,2021,11.5999999999999996447286321199499070644378662109375
269,Croatia,ILO - ILO Modelled Estimates,2020,6.0999999999999996447286321199499070644378662109375
270,Croatia,ILO - ILO Modelled Estimates,2021,-0.1000000000000000055511151231257827021181583404541015625
271,Cuba,ILO - ILO Modelled Estimates,2020,10.9000000000000003552713678800500929355621337890625
272,Cuba,ILO - ILO Modelled Estimates,2021,5
273,Cyprus,ILO - ILO Modelled Estimates,2020,11.0999999999999996447286321199499070644378662109375
274,Cyprus,ILO - ILO Modelled Estimates,2021,1.100000000000000088817841970012523233890533447265625
275,Czechia,ILO - ILO Modelled Estimates,2020,6.29999999999999982236431605997495353221893310546875
276,Czechia,ILO - ILO Modelled Estimates,2021,1.6999999999999999555910790149937383830547332763671875
277,Côte d'Ivoire,ILO - ILO Modelled Estimates,2020,4.9000000000000003552713678800500929355621337890625
278,Côte d'Ivoire,ILO - ILO Modelled Estimates,2021,1.6999999999999999555910790149937383830547332763671875
279,Denmark,ILO - ILO Modelled Estimates,2020,5.29999999999999982236431605997495353221893310546875
280,Denmark,ILO - ILO Modelled Estimates,2021,0.5
281,Djibouti,ILO - ILO Modelled Estimates,2020,6.9000000000000003552713678800500929355621337890625
282,Djibouti,ILO - ILO Modelled Estimates,2021,6.29999999999999982236431605997495353221893310546875
283,Dominican Republic,ILO - ILO Modelled Estimates,2020,14.699999999999999289457264239899814128875732421875
284,Dominican Republic,ILO - ILO Modelled Estimates,2021,7.79999999999999982236431605997495353221893310546875
285,Ecuador,ILO - ILO Modelled Estimates,2020,17.60000000000000142108547152020037174224853515625
286,Ecuador,ILO - ILO Modelled Estimates,2021,4
287,Egypt,ILO - ILO Modelled Estimates,2020,9.4000000000000003552713678800500929355621337890625
288,Egypt,ILO - ILO Modelled Estimates,2021,5.9000000000000003552713678800500929355621337890625
289,El Salvador,ILO - ILO Modelled Estimates,2020,18.800000000000000710542735760100185871124267578125
290,El Salvador,ILO - ILO Modelled Estimates,2021,4.0999999999999996447286321199499070644378662109375
291,Equatorial Guinea,ILO - ILO Modelled Estimates,2020,9
292,Equatorial Guinea,ILO - ILO Modelled Estimates,2021,4.5
293,Eritrea,ILO - ILO Modelled Estimates,2020,12.300000000000000710542735760100185871124267578125
294,Eritrea,ILO - ILO Modelled Estimates,2021,8
295,Estonia,ILO - ILO Modelled Estimates,2020,5.70000000000000017763568394002504646778106689453125
296,Estonia,ILO - ILO Modelled Estimates,2021,7.0999999999999996447286321199499070644378662109375
297,Eswatini,ILO - ILO Modelled Estimates,2020,9.699999999999999289457264239899814128875732421875
298,Eswatini,ILO - ILO Modelled Estimates,2021,7.70000000000000017763568394002504646778106689453125
299,Ethiopia,ILO - ILO Modelled Estimates,2020,8.5
300,Ethiopia,ILO - ILO Modelled Estimates,2021,5.5999999999999996447286321199499070644378662109375
301,Fiji,ILO - ILO Modelled Estimates,2020,6.5999999999999996447286321199499070644378662109375
302,Fiji,ILO - ILO Modelled Estimates,2021,7.70000000000000017763568394002504646778106689453125
303,Finland,ILO - ILO Modelled Estimates,2020,2.399999999999999911182158029987476766109466552734375
304,Finland,ILO - ILO Modelled Estimates,2021,0.6999999999999999555910790149937383830547332763671875
305,France,ILO - ILO Modelled Estimates,2020,7.20000000000000017763568394002504646778106689453125
306,France,ILO - ILO Modelled Estimates,2021,0.6999999999999999555910790149937383830547332763671875
307,French Polynesia,ILO - ILO Modelled Estimates,2020,5.20000000000000017763568394002504646778106689453125
308,French Polynesia,ILO - ILO Modelled Estimates,2021,5.20000000000000017763568394002504646778106689453125
309,Gabon,ILO - ILO Modelled Estimates,2020,8.9000000000000003552713678800500929355621337890625
310,Gabon,ILO - ILO Modelled Estimates,2021,7.5
311,Gambia,ILO - ILO Modelled Estimates,2020,7.4000000000000003552713678800500929355621337890625
312,Gambia,ILO - ILO Modelled Estimates,2021,4.0999999999999996447286321199499070644378662109375
313,Georgia,ILO - ILO Modelled Estimates,2020,13.5
314,Georgia,ILO - ILO Modelled Estimates,2021,2.5
315,Germany,ILO - ILO Modelled Estimates,2020,5.5
316,Germany,ILO - ILO Modelled Estimates,2021,4.5999999999999996447286321199499070644378662109375
317,Ghana,ILO - ILO Modelled Estimates,2020,5.29999999999999982236431605997495353221893310546875
318,Ghana,ILO - ILO Modelled Estimates,2021,4.70000000000000017763568394002504646778106689453125
319,Greece,ILO - ILO Modelled Estimates,2020,11.800000000000000710542735760100185871124267578125
320,Greece,ILO - ILO Modelled Estimates,2021,8.199999999999999289457264239899814128875732421875
321,Guam,ILO - ILO Modelled Estimates,2020,8.800000000000000710542735760100185871124267578125
322,Guam,ILO - ILO Modelled Estimates,2021,3.20000000000000017763568394002504646778106689453125
323,Guatemala,ILO - ILO Modelled Estimates,2020,16
324,Guatemala,ILO - ILO Modelled Estimates,2021,6.79999999999999982236431605997495353221893310546875
325,Guinea,ILO - ILO Modelled Estimates,2020,7.5
326,Guinea,ILO - ILO Modelled Estimates,2021,7.4000000000000003552713678800500929355621337890625
327,Guinea-Bissau,ILO - ILO Modelled Estimates,2020,9
328,Guinea-Bissau,ILO - ILO Modelled Estimates,2021,4.5999999999999996447286321199499070644378662109375
329,Guyana,ILO - ILO Modelled Estimates,2020,10.5
330,Guyana,ILO - ILO Modelled Estimates,2021,7.5
331,Haiti,ILO - ILO Modelled Estimates,2020,7.79999999999999982236431605997495353221893310546875
332,Haiti,ILO - ILO Modelled Estimates,2021,6.29999999999999982236431605997495353221893310546875
333,Honduras,ILO - ILO Modelled Estimates,2020,21.199999999999999289457264239899814128875732421875
334,Honduras,ILO - ILO Modelled Estimates,2021,8.0999999999999996447286321199499070644378662109375
335,"Hong Kong, China",ILO - ILO Modelled Estimates,2020,6.70000000000000017763568394002504646778106689453125
336,"Hong Kong, China",ILO - ILO Modelled Estimates,2021,8.199999999999999289457264239899814128875732421875
337,Hungary,ILO - ILO Modelled Estimates,2020,5.20000000000000017763568394002504646778106689453125
338,Hungary,ILO - ILO Modelled Estimates,2021,0.8000000000000000444089209850062616169452667236328125
339,Iceland,ILO - ILO Modelled Estimates,2020,6.70000000000000017763568394002504646778106689453125
340,Iceland,ILO - ILO Modelled Estimates,2021,9.4000000000000003552713678800500929355621337890625
341,India,ILO - ILO Modelled Estimates,2020,14.5
342,India,ILO - ILO Modelled Estimates,2021,7.20000000000000017763568394002504646778106689453125
343,Indonesia,ILO - ILO Modelled Estimates,2020,6.9000000000000003552713678800500929355621337890625
344,Indonesia,ILO - ILO Modelled Estimates,2021,7
345,"Iran, Islamic Republic of",ILO - ILO Modelled Estimates,2020,5.20000000000000017763568394002504646778106689453125
346,"Iran, Islamic Republic of",ILO - ILO Modelled Estimates,2021,8.300000000000000710542735760100185871124267578125
347,Iraq,ILO - ILO Modelled Estimates,2020,11.199999999999999289457264239899814128875732421875
348,Iraq,ILO - ILO Modelled Estimates,2021,7.0999999999999996447286321199499070644378662109375
349,Ireland,ILO - ILO Modelled Estimates,2020,9.800000000000000710542735760100185871124267578125
350,Ireland,ILO - ILO Modelled Estimates,2021,6.70000000000000017763568394002504646778106689453125
351,Israel,ILO - ILO Modelled Estimates,2020,7.70000000000000017763568394002504646778106689453125
352,Israel,ILO - ILO Modelled Estimates,2021,2
353,Italy,ILO - ILO Modelled Estimates,2020,12.9000000000000003552713678800500929355621337890625
354,Italy,ILO - ILO Modelled Estimates,2021,4.5999999999999996447286321199499070644378662109375
355,Jamaica,ILO - ILO Modelled Estimates,2020,10.9000000000000003552713678800500929355621337890625
356,Jamaica,ILO - ILO Modelled Estimates,2021,8.300000000000000710542735760100185871124267578125
357,Japan,ILO - ILO Modelled Estimates,2020,5.0999999999999996447286321199499070644378662109375
358,Japan,ILO - ILO Modelled Estimates,2021,5.29999999999999982236431605997495353221893310546875
359,Jordan,ILO - ILO Modelled Estimates,2020,9.9000000000000003552713678800500929355621337890625
360,Jordan,ILO - ILO Modelled Estimates,2021,6.9000000000000003552713678800500929355621337890625
361,Kazakhstan,ILO - ILO Modelled Estimates,2020,11.0999999999999996447286321199499070644378662109375
362,Kazakhstan,ILO - ILO Modelled Estimates,2021,4.5
363,Kenya,ILO - ILO Modelled Estimates,2020,9.4000000000000003552713678800500929355621337890625
364,Kenya,ILO - ILO Modelled Estimates,2021,6.29999999999999982236431605997495353221893310546875
365,"Korea, Democratic People's Republic of",ILO - ILO Modelled Estimates,2020,5.79999999999999982236431605997495353221893310546875
366,"Korea, Democratic People's Republic of",ILO - ILO Modelled Estimates,2021,5.4000000000000003552713678800500929355621337890625
367,"Korea, Republic of",ILO - ILO Modelled Estimates,2020,4.20000000000000017763568394002504646778106689453125
368,"Korea, Republic of",ILO - ILO Modelled Estimates,2021,2.399999999999999911182158029987476766109466552734375
369,Kuwait,ILO - ILO Modelled Estimates,2020,15.800000000000000710542735760100185871124267578125
370,Kuwait,ILO - ILO Modelled Estimates,2021,8
371,Kyrgyzstan,ILO - ILO Modelled Estimates,2020,11.4000000000000003552713678800500929355621337890625
372,Kyrgyzstan,ILO - ILO Modelled Estimates,2021,7.5999999999999996447286321199499070644378662109375
373,Lao People's Democratic Republic,ILO - ILO Modelled Estimates,2020,4.9000000000000003552713678800500929355621337890625
374,Lao People's Democratic Republic,ILO - ILO Modelled Estimates,2021,6.70000000000000017763568394002504646778106689453125
375,Latvia,ILO - ILO Modelled Estimates,2020,4.4000000000000003552713678800500929355621337890625
376,Latvia,ILO - ILO Modelled Estimates,2021,2.100000000000000088817841970012523233890533447265625
377,Lebanon,ILO - ILO Modelled Estimates,2020,10.300000000000000710542735760100185871124267578125
378,Lebanon,ILO - ILO Modelled Estimates,2021,10.5999999999999996447286321199499070644378662109375
379,Lesotho,ILO - ILO Modelled Estimates,2020,7.29999999999999982236431605997495353221893310546875
380,Lesotho,ILO - ILO Modelled Estimates,2021,7.0999999999999996447286321199499070644378662109375
381,Liberia,ILO - ILO Modelled Estimates,2020,8.0999999999999996447286321199499070644378662109375
382,Liberia,ILO - ILO Modelled Estimates,2021,5.70000000000000017763568394002504646778106689453125
383,Libya,ILO - ILO Modelled Estimates,2020,9.5999999999999996447286321199499070644378662109375
384,Libya,ILO - ILO Modelled Estimates,2021,7
385,Lithuania,ILO - ILO Modelled Estimates,2020,5.5
386,Lithuania,ILO - ILO Modelled Estimates,2021,0.59999999999999997779553950749686919152736663818359375
387,Luxembourg,ILO - ILO Modelled Estimates,2020,4.9000000000000003552713678800500929355621337890625
388,Luxembourg,ILO - ILO Modelled Estimates,2021,3.399999999999999911182158029987476766109466552734375
389,"Macau, China",ILO - ILO Modelled Estimates,2020,7.20000000000000017763568394002504646778106689453125
390,"Macau, China",ILO - ILO Modelled Estimates,2021,2.399999999999999911182158029987476766109466552734375
391,Madagascar,ILO - ILO Modelled Estimates,2020,6.5999999999999996447286321199499070644378662109375
392,Madagascar,ILO - ILO Modelled Estimates,2021,6.70000000000000017763568394002504646778106689453125
393,Malawi,ILO - ILO Modelled Estimates,2020,4.9000000000000003552713678800500929355621337890625
394,Malawi,ILO - ILO Modelled Estimates,2021,5.79999999999999982236431605997495353221893310546875
395,Malaysia,ILO - ILO Modelled Estimates,2020,9.5
396,Malaysia,ILO - ILO Modelled Estimates,2021,6.29999999999999982236431605997495353221893310546875
397,Maldives,ILO - ILO Modelled Estimates,2020,11.300000000000000710542735760100185871124267578125
398,Maldives,ILO - ILO Modelled Estimates,2021,7
399,Mali,ILO - ILO Modelled Estimates,2020,4.0999999999999996447286321199499070644378662109375
400,Mali,ILO - ILO Modelled Estimates,2021,3.79999999999999982236431605997495353221893310546875
401,Malta,ILO - ILO Modelled Estimates,2020,7.9000000000000003552713678800500929355621337890625
402,Malta,ILO - ILO Modelled Estimates,2021,4.4000000000000003552713678800500929355621337890625
403,Mauritania,ILO - ILO Modelled Estimates,2020,6
404,Mauritania,ILO - ILO Modelled Estimates,2021,5.4000000000000003552713678800500929355621337890625
405,Mauritius,ILO - ILO Modelled Estimates,2020,7.4000000000000003552713678800500929355621337890625
406,Mauritius,ILO - ILO Modelled Estimates,2021,7
407,Mexico,ILO - ILO Modelled Estimates,2020,14.9000000000000003552713678800500929355621337890625
408,Mexico,ILO - ILO Modelled Estimates,2021,4.70000000000000017763568394002504646778106689453125
409,"Moldova, Republic of",ILO - ILO Modelled Estimates,2020,8.699999999999999289457264239899814128875732421875
410,"Moldova, Republic of",ILO - ILO Modelled Estimates,2021,6.79999999999999982236431605997495353221893310546875
411,Mongolia,ILO - ILO Modelled Estimates,2020,10.300000000000000710542735760100185871124267578125
412,Mongolia,ILO - ILO Modelled Estimates,2021,15.699999999999999289457264239899814128875732421875
413,Montenegro,ILO - ILO Modelled Estimates,2020,11.4000000000000003552713678800500929355621337890625
414,Montenegro,ILO - ILO Modelled Estimates,2021,6.0999999999999996447286321199499070644378662109375
415,Morocco,ILO - ILO Modelled Estimates,2020,13.699999999999999289457264239899814128875732421875
416,Morocco,ILO - ILO Modelled Estimates,2021,7.5
417,Mozambique,ILO - ILO Modelled Estimates,2020,6
418,Mozambique,ILO - ILO Modelled Estimates,2021,6.5999999999999996447286321199499070644378662109375
419,Myanmar,ILO - ILO Modelled Estimates,2020,10.199999999999999289457264239899814128875732421875
420,Myanmar,ILO - ILO Modelled Estimates,2021,14.5
421,Namibia,ILO - ILO Modelled Estimates,2020,6.29999999999999982236431605997495353221893310546875
422,Namibia,ILO - ILO Modelled Estimates,2021,6.5
423,Nepal,ILO - ILO Modelled Estimates,2020,16.60000000000000142108547152020037174224853515625
424,Nepal,ILO - ILO Modelled Estimates,2021,7.0999999999999996447286321199499070644378662109375
425,Netherlands,ILO - ILO Modelled Estimates,2020,2.79999999999999982236431605997495353221893310546875
426,Netherlands,ILO - ILO Modelled Estimates,2021,0.6999999999999999555910790149937383830547332763671875
427,New Caledonia,ILO - ILO Modelled Estimates,2020,3.399999999999999911182158029987476766109466552734375
428,New Caledonia,ILO - ILO Modelled Estimates,2021,2.79999999999999982236431605997495353221893310546875
429,New Zealand,ILO - ILO Modelled Estimates,2020,-1.100000000000000088817841970012523233890533447265625
430,New Zealand,ILO - ILO Modelled Estimates,2021,-1.399999999999999911182158029987476766109466552734375
431,Nicaragua,ILO - ILO Modelled Estimates,2020,2.20000000000000017763568394002504646778106689453125
432,Nicaragua,ILO - ILO Modelled Estimates,2021,0.8000000000000000444089209850062616169452667236328125
433,Niger,ILO - ILO Modelled Estimates,2020,2.20000000000000017763568394002504646778106689453125
434,Niger,ILO - ILO Modelled Estimates,2021,2.399999999999999911182158029987476766109466552734375
435,Nigeria,ILO - ILO Modelled Estimates,2020,9
436,Nigeria,ILO - ILO Modelled Estimates,2021,5.5
437,North Macedonia,ILO - ILO Modelled Estimates,2020,9.9000000000000003552713678800500929355621337890625
438,North Macedonia,ILO - ILO Modelled Estimates,2021,1.3000000000000000444089209850062616169452667236328125
439,Norway,ILO - ILO Modelled Estimates,2020,3.70000000000000017763568394002504646778106689453125
440,Norway,ILO - ILO Modelled Estimates,2021,-4.5
441,Occupied Palestinian Territory,ILO - ILO Modelled Estimates,2020,16
442,Occupied Palestinian Territory,ILO - ILO Modelled Estimates,2021,11.9000000000000003552713678800500929355621337890625
443,Oman,ILO - ILO Modelled Estimates,2020,13.0999999999999996447286321199499070644378662109375
444,Oman,ILO - ILO Modelled Estimates,2021,7.9000000000000003552713678800500929355621337890625
445,Pakistan,ILO - ILO Modelled Estimates,2020,9.4000000000000003552713678800500929355621337890625
446,Pakistan,ILO - ILO Modelled Estimates,2021,6.5
447,Panama,ILO - ILO Modelled Estimates,2020,21.699999999999999289457264239899814128875732421875
448,Panama,ILO - ILO Modelled Estimates,2021,8.0999999999999996447286321199499070644378662109375
449,Papua New Guinea,ILO - ILO Modelled Estimates,2020,3
450,Papua New Guinea,ILO - ILO Modelled Estimates,2021,5.70000000000000017763568394002504646778106689453125
451,Paraguay,ILO - ILO Modelled Estimates,2020,18.300000000000000710542735760100185871124267578125
452,Paraguay,ILO - ILO Modelled Estimates,2021,3.70000000000000017763568394002504646778106689453125
453,Peru,ILO - ILO Modelled Estimates,2020,29
454,Peru,ILO - ILO Modelled Estimates,2021,11.699999999999999289457264239899814128875732421875
455,Philippines,ILO - ILO Modelled Estimates,2020,15.5
456,Philippines,ILO - ILO Modelled Estimates,2021,6.70000000000000017763568394002504646778106689453125
457,Poland,ILO - ILO Modelled Estimates,2020,2.100000000000000088817841970012523233890533447265625
458,Poland,ILO - ILO Modelled Estimates,2021,-2.399999999999999911182158029987476766109466552734375
459,Portugal,ILO - ILO Modelled Estimates,2020,12
460,Portugal,ILO - ILO Modelled Estimates,2021,4.4000000000000003552713678800500929355621337890625
461,Puerto Rico,ILO - ILO Modelled Estimates,2020,10.5
462,Puerto Rico,ILO - ILO Modelled Estimates,2021,4.9000000000000003552713678800500929355621337890625
463,Qatar,ILO - ILO Modelled Estimates,2020,9.699999999999999289457264239899814128875732421875
464,Qatar,ILO - ILO Modelled Estimates,2021,7.0999999999999996447286321199499070644378662109375
465,Romania,ILO - ILO Modelled Estimates,2020,6.20000000000000017763568394002504646778106689453125
466,Romania,ILO - ILO Modelled Estimates,2021,2.70000000000000017763568394002504646778106689453125
467,Russian Federation,ILO - ILO Modelled Estimates,2020,6
468,Russian Federation,ILO - ILO Modelled Estimates,2021,1.399999999999999911182158029987476766109466552734375
469,Rwanda,ILO - ILO Modelled Estimates,2020,9.800000000000000710542735760100185871124267578125
470,Rwanda,ILO - ILO Modelled Estimates,2021,7.0999999999999996447286321199499070644378662109375
471,Saint Lucia,ILO - ILO Modelled Estimates,2020,8.9000000000000003552713678800500929355621337890625
472,Saint Lucia,ILO - ILO Modelled Estimates,2021,6.5
473,Saint Vincent and the Grenadines,ILO - ILO Modelled Estimates,2020,8.5999999999999996447286321199499070644378662109375
474,Saint Vincent and the Grenadines,ILO - ILO Modelled Estimates,2021,5.0999999999999996447286321199499070644378662109375
475,Samoa,ILO - ILO Modelled Estimates,2020,4.29999999999999982236431605997495353221893310546875
476,Samoa,ILO - ILO Modelled Estimates,2021,4.20000000000000017763568394002504646778106689453125
477,Sao Tome and Principe,ILO - ILO Modelled Estimates,2020,9
478,Sao Tome and Principe,ILO - ILO Modelled Estimates,2021,4.9000000000000003552713678800500929355621337890625
479,Saudi Arabia,ILO - ILO Modelled Estimates,2020,7.5
480,Saudi Arabia,ILO - ILO Modelled Estimates,2021,4.5999999999999996447286321199499070644378662109375
481,Senegal,ILO - ILO Modelled Estimates,2020,6.5999999999999996447286321199499070644378662109375
482,Senegal,ILO - ILO Modelled Estimates,2021,3.5
483,Serbia,ILO - ILO Modelled Estimates,2020,4.70000000000000017763568394002504646778106689453125
484,Serbia,ILO - ILO Modelled Estimates,2021,-0.90000000000000002220446049250313080847263336181640625
485,Sierra Leone,ILO - ILO Modelled Estimates,2020,4.0999999999999996447286321199499070644378662109375
486,Sierra Leone,ILO - ILO Modelled Estimates,2021,6.4000000000000003552713678800500929355621337890625
487,Singapore,ILO - ILO Modelled Estimates,2020,4.79999999999999982236431605997495353221893310546875
488,Singapore,ILO - ILO Modelled Estimates,2021,4.4000000000000003552713678800500929355621337890625
489,Slovakia,ILO - ILO Modelled Estimates,2020,10.9000000000000003552713678800500929355621337890625
490,Slovakia,ILO - ILO Modelled Estimates,2021,8.699999999999999289457264239899814128875732421875
491,Slovenia,ILO - ILO Modelled Estimates,2020,6.4000000000000003552713678800500929355621337890625
492,Slovenia,ILO - ILO Modelled Estimates,2021,-0.6999999999999999555910790149937383830547332763671875
493,Solomon Islands,ILO - ILO Modelled Estimates,2020,2.399999999999999911182158029987476766109466552734375
494,Solomon Islands,ILO - ILO Modelled Estimates,2021,2.29999999999999982236431605997495353221893310546875
495,Somalia,ILO - ILO Modelled Estimates,2020,3.29999999999999982236431605997495353221893310546875
496,Somalia,ILO - ILO Modelled Estimates,2021,2.5
497,South Africa,ILO - ILO Modelled Estimates,2020,14.300000000000000710542735760100185871124267578125
498,South Africa,ILO - ILO Modelled Estimates,2021,10
499,South Sudan,ILO - ILO Modelled Estimates,2020,8.0999999999999996447286321199499070644378662109375
500,South Sudan,ILO - ILO Modelled Estimates,2021,4.9000000000000003552713678800500929355621337890625
501,Spain,ILO - ILO Modelled Estimates,2020,11.699999999999999289457264239899814128875732421875
502,Spain,ILO - ILO Modelled Estimates,2021,3
503,Sri Lanka,ILO - ILO Modelled Estimates,2020,9.699999999999999289457264239899814128875732421875
504,Sri Lanka,ILO - ILO Modelled Estimates,2021,8.800000000000000710542735760100185871124267578125
505,Sudan,ILO - ILO Modelled Estimates,2020,7.9000000000000003552713678800500929355621337890625
506,Sudan,ILO - ILO Modelled Estimates,2021,3.100000000000000088817841970012523233890533447265625
507,Suriname,ILO - ILO Modelled Estimates,2020,10.300000000000000710542735760100185871124267578125
508,Suriname,ILO - ILO Modelled Estimates,2021,8.800000000000000710542735760100185871124267578125
509,Sweden,ILO - ILO Modelled Estimates,2020,5.20000000000000017763568394002504646778106689453125
510,Sweden,ILO - ILO Modelled Estimates,2021,1.600000000000000088817841970012523233890533447265625
511,Switzerland,ILO - ILO Modelled Estimates,2020,2.70000000000000017763568394002504646778106689453125
512,Switzerland,ILO - ILO Modelled Estimates,2021,1.8000000000000000444089209850062616169452667236328125
513,Syrian Arab Republic,ILO - ILO Modelled Estimates,2020,7.0999999999999996447286321199499070644378662109375
514,Syrian Arab Republic,ILO - ILO Modelled Estimates,2021,5.29999999999999982236431605997495353221893310546875
515,"Taiwan, China",ILO - ILO Modelled Estimates,2020,2.20000000000000017763568394002504646778106689453125
516,"Taiwan, China",ILO - ILO Modelled Estimates,2021,3.600000000000000088817841970012523233890533447265625
517,Tajikistan,ILO - ILO Modelled Estimates,2020,4.29999999999999982236431605997495353221893310546875
518,Tajikistan,ILO - ILO Modelled Estimates,2021,5.5
519,"Tanzania, United Republic of",ILO - ILO Modelled Estimates,2020,2.79999999999999982236431605997495353221893310546875
520,"Tanzania, United Republic of",ILO - ILO Modelled Estimates,2021,0.8000000000000000444089209850062616169452667236328125
521,Thailand,ILO - ILO Modelled Estimates,2020,3.79999999999999982236431605997495353221893310546875
522,Thailand,ILO - ILO Modelled Estimates,2021,4
523,Timor-Leste,ILO - ILO Modelled Estimates,2020,3.5
524,Timor-Leste,ILO - ILO Modelled Estimates,2021,7.79999999999999982236431605997495353221893310546875
525,Togo,ILO - ILO Modelled Estimates,2020,5.5
526,Togo,ILO - ILO Modelled Estimates,2021,5
527,Tonga,ILO - ILO Modelled Estimates,2020,4.5
528,Tonga,ILO - ILO Modelled Estimates,2021,6.70000000000000017763568394002504646778106689453125
529,Trinidad and Tobago,ILO - ILO Modelled Estimates,2020,10.9000000000000003552713678800500929355621337890625
530,Trinidad and Tobago,ILO - ILO Modelled Estimates,2021,5.70000000000000017763568394002504646778106689453125
531,Tunisia,ILO - ILO Modelled Estimates,2020,5.9000000000000003552713678800500929355621337890625
532,Tunisia,ILO - ILO Modelled Estimates,2021,8.199999999999999289457264239899814128875732421875
533,Turkey,ILO - ILO Modelled Estimates,2020,14.300000000000000710542735760100185871124267578125
534,Turkey,ILO - ILO Modelled Estimates,2021,3.899999999999999911182158029987476766109466552734375
535,Turkmenistan,ILO - ILO Modelled Estimates,2020,3.5
536,Turkmenistan,ILO - ILO Modelled Estimates,2021,7.79999999999999982236431605997495353221893310546875
537,Uganda,ILO - ILO Modelled Estimates,2020,12.300000000000000710542735760100185871124267578125
538,Uganda,ILO - ILO Modelled Estimates,2021,7.5999999999999996447286321199499070644378662109375
539,Ukraine,ILO - ILO Modelled Estimates,2020,8.5
540,Ukraine,ILO - ILO Modelled Estimates,2021,7.0999999999999996447286321199499070644378662109375
541,United Arab Emirates,ILO - ILO Modelled Estimates,2020,9.699999999999999289457264239899814128875732421875
542,United Arab Emirates,ILO - ILO Modelled Estimates,2021,7.0999999999999996447286321199499070644378662109375
543,United Kingdom,ILO - ILO Modelled Estimates,2020,11
544,United Kingdom,ILO - ILO Modelled Estimates,2021,5
545,United States,ILO - ILO Modelled Estimates,2020,9.5999999999999996447286321199499070644378662109375
546,United States,ILO - ILO Modelled Estimates,2021,5
547,United States Virgin Islands,ILO - ILO Modelled Estimates,2020,4.5999999999999996447286321199499070644378662109375
548,United States Virgin Islands,ILO - ILO Modelled Estimates,2021,4.0999999999999996447286321199499070644378662109375
549,Uruguay,ILO - ILO Modelled Estimates,2020,11.5999999999999996447286321199499070644378662109375
550,Uruguay,ILO - ILO Modelled Estimates,2021,-0.59999999999999997779553950749686919152736663818359375
551,Uzbekistan,ILO - ILO Modelled Estimates,2020,8.4000000000000003552713678800500929355621337890625
552,Uzbekistan,ILO - ILO Modelled Estimates,2021,6.5
553,Vanuatu,ILO - ILO Modelled Estimates,2020,5
554,Vanuatu,ILO - ILO Modelled Estimates,2021,1.1999999999999999555910790149937383830547332763671875
555,"Venezuela, Bolivarian Republic of",ILO - ILO Modelled Estimates,2020,12.800000000000000710542735760100185871124267578125
556,"Venezuela, Bolivarian Republic of",ILO - ILO Modelled Estimates,2021,8.4000000000000003552713678800500929355621337890625
557,Viet Nam,ILO - ILO Modelled Estimates,2020,6.4000000000000003552713678800500929355621337890625
558,Viet Nam,ILO - ILO Modelled Estimates,2021,7.4000000000000003552713678800500929355621337890625
559,Western Sahara,ILO - ILO Modelled Estimates,2020,8
560,Western Sahara,ILO - ILO Modelled Estimates,2021,5
561,Yemen,ILO - ILO Modelled Estimates,2020,2.5
562,Yemen,ILO - ILO Modelled Estimates,2021,2.899999999999999911182158029987476766109466552734375
563,Zambia,ILO - ILO Modelled Estimates,2020,3.399999999999999911182158029987476766109466552734375
564,Zambia,ILO - ILO Modelled Estimates,2021,4.9000000000000003552713678800500929355621337890625
565,Zimbabwe,ILO - ILO Modelled Estimates,2020,9.199999999999999289457264239899814128875732421875
566,Zimbabwe,ILO - ILO Modelled Estimates,2021,6.29999999999999982236431605997495353221893310546875
